Student Last Name,Student First Name,Grade Quarter,Grade Semester,Excerpt of work,Growth,Strength,Class
Williams,Olivia,B+,A-,Your essay on renewable energy was well-structured and insightful.,You have improved significantly in presenting your ideas more clearly.,Your ability to stay focused and your thorough research are key strengths.,English
Smith,Jacob,A-,A,Your project on social media's impact on youth was well-researched and thought-provoking.,You have made excellent progress in refining your argumentation skills.,Your critical thinking and ability to defend your viewpoint are standout qualities.,English
Johnson,Mia,B,B+,Your presentation on climate change policies was both informative and engaging.,You have shown great improvement in confidence while presenting your ideas.,Your ability to make complex concepts more accessible to your audience is impressive.,English+
Brown,Ethan,A,A+,Your research paper on the evolution of technology was exceptional in both depth and clarity.,"Your writing has improved dramatically, and your analysis has become more sophisticated.",Your precision and depth of analysis are your strongest attributes.,English+
Taylor,Isabella,B+,B,Your essay on historical events was insightful but lacked some depth.,You have made significant strides in your ability to structure arguments more effectively.,Your thoroughness and attention to detail are your greatest strengths.,English
Davis,Noah,C+,B-,Your essay on artificial intelligence demonstrated solid understanding but needed clearer arguments.,You have improved your writing by better organizing your thoughts and avoiding vague statements.,Your curiosity and perseverance to learn more are qualities that will drive your future success.,English
Martinez,Ava,A,A,Your project on global warming solutions was comprehensive and well-articulated.,You have shown outstanding growth in your analytical and writing skills.,Your clear communication and strong research skills shine in your work.,English+
Harris,Liam,B,B+,Your research on public health issues was thorough and well-documented.,Your critical thinking skills have improved significantly this semester.,Your persistence and your ability to dive deep into topics are major strengths.,English+
Smith,John,B+,A-,You demonstrated excellent analytical skills in your essay on climate change.,You have shown improvement in your writing structure over the semester.,Your ability to analyze complex concepts is impressive.,English+
Johnson,Emily,A,A+,Your research paper on the impact of technology was well-researched and detailed.,You have greatly improved your ability to synthesize information.,Your work ethic and dedication to excellence are your greatest assets.,English
Brown,Michael,B,B+,Your project on renewable energy solutions showed creativity and depth.,You have grown in your ability to incorporate diverse perspectives into your work.,Your creativity and enthusiasm for the subject matter are evident.,English
Lee,Sarah,A-,B+,You demonstrated strong problem-solving skills in your project on the environment.,Your collaboration skills and leadership in group activities have improved.,Your critical thinking and leadership in group work were key strengths.,English+
Davis,Daniel,C+,B-,Your essay on artificial intelligence showed a solid understanding of the topic.,You made notable progress in organizing your thoughts and structuring your arguments.,Your curiosity and willingness to engage with difficult topics stood out.,English
Wilson,Anna,B+,B,Your research on sustainable agriculture was thorough and well-researched.,Your ability to improve your time management throughout the semester was evident.,Your research skills and attention to detail were key strengths.,English
Garcia,Luis,A,A,You presented an insightful analysis of the economic effects of globalization.,You have demonstrated exceptional growth in your writing and analytical skills.,Your deep understanding and clarity in your explanations are your greatest strengths.,English+