Student Last Name,Student First Name,Grade Quarter,Grade Semester,Excerpt of work,Growth,Strength
Williams,Olivia,B+,A-,"""Olivia's essay on renewable energy was well-structured and insightful.""","""Olivia has improved significantly in presenting her ideas more clearly.""","""Her ability to stay focused and her thorough research are key strengths."""
Smith,Jacob,A-,A,"""Jacob's project on social media's impact on youth was well-researched and thought-provoking.""","""Jacob has made excellent progress in refining his argumentation skills.""","""His critical thinking and ability to defend his viewpoint are standout qualities."""
Johnson,Mia,B,B+,"""Mia’s presentation on climate change policies was both informative and engaging.""","""Mia has shown great improvement in confidence while presenting her ideas.""","""Her ability to make complex concepts more accessible to her audience is impressive."""
Brown,Ethan,A,A+,"""Ethan’s research paper on the evolution of technology was exceptional in both depth and clarity.""","""Ethan’s writing has improved dramatically, and his analysis has become more sophisticated.""","""His precision and depth of analysis are his strongest attributes."""
Taylor,Isabella,B+,B,"""Isabella's essay on historical events was insightful but lacked some depth.""","""Isabella has made significant strides in her ability to structure arguments more effectively.""","""Her thoroughness and attention to detail are her greatest strengths."""
Davis,Noah,C+,B-,"""Noah’s essay on artificial intelligence demonstrated solid understanding but needed clearer arguments.""","""Noah has improved his writing by better organizing his thoughts and avoiding vague statements.""","""His curiosity and perseverance to learn more are qualities that will drive future success."""
Martinez,Ava,A,A,"""Ava’s project on global warming solutions was comprehensive and well-articulated.""","""Ava has shown outstanding growth in her analytical and writing skills.""","""Her clear communication and strong research skills shine in her work."""
Harris,Liam,B,B+,"""Liam’s research on public health issues was thorough and well-documented.""","""Liam’s critical thinking skills have improved significantly this semester.""","""His persistence and his ability to dive deep into topics are major strengths."""
Smith,John,B+,A-,"""John demonstrated excellent analytical skills in his essay on climate change.""","""John has shown improvement in his writing structure over the semester.""","""His ability to analyze complex concepts is impressive."""
Johnson,Emily,A,A+,"""Emily's research paper on the impact of technology was well-researched and detailed.""","""Emily has greatly improved her ability to synthesize information.""","""Her work ethic and dedication to excellence are her greatest assets."""
Brown,Michael,B,B+,"""Michael's project on renewable energy solutions showed creativity and depth.""","""Michael has grown in his ability to incorporate diverse perspectives into his work.""","""His creativity and enthusiasm for the subject matter are evident."""
Lee,Sarah,A-,B+,"""Sarah demonstrated strong problem-solving skills in her project on the environment.""","""Sarah's collaboration skills and leadership in group activities have improved.""","""Her critical thinking and leadership in group work were key strengths."""
Davis,Daniel,C+,B-,"""Daniel's essay on artificial intelligence showed a solid understanding of the topic.""","""Daniel made notable progress in organizing his thoughts and structuring his arguments.""","""His curiosity and willingness to engage with difficult topics stood out."""
Wilson,Anna,B+,B,"""Anna's research on sustainable agriculture was thorough and well-researched.""","""Anna's ability to improve her time management throughout the semester was evident.""","""Her research skills and attention to detail were key strengths."""
Garcia,Luis,A,A,"""Luis presented an insightful analysis of the economic effects of globalization.""","""Luis has demonstrated exceptional growth in his writing and analytical skills.""","""His deep understanding and clarity in his explanations are his greatest strengths."""